{"cameraMode":{"drawMode":2,"name":"Shaded Wireframe","section":"Shading Mode"},"sceneLighting":true,"audioPlay":false,"sceneViewState":{"showFog":true,"showMaterialUpdate":false,"showSkybox":true,"showFlares":true,"showImageEffects":true,"showParticleSystems":true},"in2DMode":false,"pivot":{"x":-48.27511215209961,"y":15.433958053588868,"z":154.7594451904297},"rotation":{"x":0.0554293654859066,"y":-0.038930002599954608,"z":0.002162849297747016,"w":0.997701108455658},"size":405.74334716796877,"orthographic":false}