{"cameraMode":{"drawMode":2,"name":"Shaded Wireframe","section":"Shading Mode"},"sceneLighting":true,"audioPlay":false,"sceneViewState":{"showFog":true,"showMaterialUpdate":false,"showSkybox":true,"showFlares":true,"showImageEffects":true,"showParticleSystems":true},"in2DMode":false,"pivot":{"x":-75.15383911132813,"y":23.37035369873047,"z":56.176734924316409},"rotation":{"x":-0.01857231743633747,"y":0.6331072449684143,"z":-0.015197761356830597,"w":-0.7736920714378357},"size":424.4674072265625,"orthographic":false}